Top pages,Clicks,Impressions,CTR,Position
https://www.orangejelly.co.uk/about,8,32,25%,10.62
https://www.orangejelly.co.uk/contact,7,45,15.56%,65.53
https://www.orangejelly.co.uk/licensees-guide/brewery-tie-improve-your-deal,3,28,10.71%,13.96
https://orangejelly.co.uk/,2,6,33.33%,1
https://www.orangejelly.co.uk/licensees-guide/social-media-strategy-for-pubs,1,122,0.82%,48.75
https://www.orangejelly.co.uk/licensees-guide/pub-health-check-essential-fundamentals-licensee-success,1,41,2.44%,6.34
https://www.orangejelly.co.uk/licensees-guide/quiz-night-ideas,1,21,4.76%,30.86
https://www.orangejelly.co.uk/licensees-guide/double-drinks-profit-without-selling-more,1,7,14.29%,6.14
https://www.orangejelly.co.uk/licensees-guide/profitable-pub-food-menu-ideas,1,4,25%,9
https://www.orangejelly.co.uk/licensees-guide/compete-with-wetherspoons,1,4,25%,20.25
https://www.orangejelly.co.uk/licensees-guide/instagram-marketing-for-pubs,0,57,0%,11.98
https://cheersai.orangejelly.co.uk/,0,55,0%,3.09
https://www.orangejelly.co.uk/licensees-guide/pub-refurbishment-on-budget,0,55,0%,15.11
https://www.orangejelly.co.uk/licensees-guide/content-marketing-ideas-pubs,0,48,0%,37.9
https://www.orangejelly.co.uk/licensees-guide,0,48,0%,60.81
https://cheersai.orangejelly.co.uk/help,0,27,0%,2.67
https://www.orangejelly.co.uk/licensees-guide/local-pub-marketing,0,22,0%,59.36
https://www.orangejelly.co.uk/licensees-guide/email-marketing-pub-retention,0,20,0%,23.05
https://www.orangejelly.co.uk/licensees-guide/summer-pub-event-ideas,0,17,0%,24.29
https://www.orangejelly.co.uk/licensees-guide/how-to-run-successful-pub-events,0,16,0%,29.62
https://cheersai.orangejelly.co.uk/terms,0,15,0%,5
https://www.orangejelly.co.uk/licensees-guide/christmas-pub-promotion-ideas,0,15,0%,18.07
https://www.orangejelly.co.uk/pub-rescue,0,14,0%,9.43
https://www.orangejelly.co.uk/licensees-guide/premium-pub-positioning,0,13,0%,27.62
https://www.orangejelly.co.uk/licensees-guide/category/social-media,0,13,0%,58.69
https://cheersai.orangejelly.co.uk/settings,0,11,0%,3.73
https://www.orangejelly.co.uk/licensees-guide/food-allergies-gdpr-compliance,0,11,0%,5.64
https://www.orangejelly.co.uk/licensees-guide/facebook-marketing-local-pubs,0,10,0%,22.2
https://cheersai.orangejelly.co.uk/privacy,0,9,0%,6.33
https://orangejelly.co.uk/contact,0,9,0%,44.89
https://www.orangejelly.co.uk/results,0,8,0%,36.88
https://www.orangejelly.co.uk/licensees-guide/why-is-my-pub-empty,0,6,0%,4.67
https://cheersai.orangejelly.co.uk/auth/signup,0,6,0%,6.83
https://www.orangejelly.co.uk/licensees-guide/pub-differentiation-strategies,0,6,0%,7.17
https://www.orangejelly.co.uk/licensees-guide/beat-chain-pubs,0,6,0%,21.17
https://www.orangejelly.co.uk/licensees-guide/terrible-online-reviews-damage-control,0,6,0%,65.83
https://orangejelly.co.uk/services,0,5,0%,2.4
https://www.orangejelly.co.uk/licensees-guide/nobody-books-tables-anymore,0,5,0%,19.4
https://www.orangejelly.co.uk/licensees-guide/low-budget-pub-marketing-ideas,0,5,0%,53.8
https://www.orangejelly.co.uk/licensees-guide/pub-empty-tuesday-nights,0,4,0%,8
https://www.orangejelly.co.uk/licensees-guide/recession-proof-pub-strategies,0,4,0%,10.75
https://www.orangejelly.co.uk/licensees-guide/seasonal-pub-events-calendar,0,4,0%,26.25
https://www.orangejelly.co.uk/licensees-guide/quiet-monday-night-promotions,0,3,0%,3
https://www.orangejelly.co.uk/empty-pub-solutions,0,3,0%,5.33
https://www.orangejelly.co.uk/licensees-guide/midweek-pub-offers-that-work,0,3,0%,5.33
https://orangejelly.co.uk/results,0,3,0%,6
https://www.orangejelly.co.uk/quiet-midweek-solutions,0,3,0%,8
https://www.orangejelly.co.uk/licensees-guide/village-pub-dying-village-survival,0,3,0%,12
https://www.orangejelly.co.uk/licensees-guide/live-music-events-for-pubs,0,2,0%,2
https://www.orangejelly.co.uk/services,0,2,0%,8
https://www.orangejelly.co.uk/licensees-guide/turn-heating-costs-into-winter-wins,0,2,0%,23.5
https://www.orangejelly.co.uk/licensees-guide/cash-flow-crisis-breaking-cycle,0,2,0%,54
https://orangejelly.co.uk/about,0,1,0%,2
https://www.orangejelly.co.uk/licensees-guide/young-people-wont-come-to-your-pub,0,1,0%,4
https://www.orangejelly.co.uk/licensees-guide/kitchen-nightmares-chef-quits,0,1,0%,5
https://www.orangejelly.co.uk/compete-with-pub-chains,0,1,0%,6
https://www.orangejelly.co.uk/licensees-guide/category/competition,0,1,0%,10